seg,power,vo2,cad,la,rf,hr,sat
1756,100,1059.7,95,4.986,22.814,107.0,97
1757,100,1049.2,95,4.972,21.382,107.7,98
1758,100,1038.8,95,4.958,19.95,108.3,97
1759,100,1028.3,94,4.944,18.519,109.0,97
1760,100,1115.1,93,4.93,20.068,109.0,97
1761,100,1202,94,4.916,21.617,109.0,97
1762,100,1288.8,95,4.902,23.166,109.0,97
1763,100,1322.8,96,4.888,22.536,109.7,97
1764,100,1356.8,96,4.874,21.906,110.3,97
1765,100,1390.8,95,4.86,21.277,111.0,97
1766,100,1378.4,94,4.846,22.403,111.5,97
1767,100,1366.1,94,4.832,23.529,112.0,97
1768,100,1457.9,93,4.818,23.623,112.0,97
1769,100,1549.7,93,4.804,23.716,112.0,97
1770,100,1641.5,94,4.79,23.81,112.0,97
1771,100,1593,94,4.776,23.578,112.0,97
1772,100,1544.4,95,4.762,23.346,112.0,97
1773,100,1582,95,4.748,23.532,111.7,97
1774,100,1619.7,94,4.734,23.718,111.3,97
1775,100,1657.3,94,4.72,23.904,111.0,97
1776,100,1660.6,94,4.706,23.717,111.0,97
1777,100,1663.9,95,4.692,23.529,111.0,97
1778,100,1741.4,96,4.678,22.655,111.3,97
1779,100,1818.9,97,4.664,21.78,111.7,97
1780,100,1896.3,97,4.65,20.906,112.0,97
1781,100,1883,96,4.636,20.239,112.0,98
1782,100,1869.6,96,4.622,19.572,112.0,98
1783,100,1856.2,96,4.608,18.904,112.0,97
1784,100,1842.9,96,4.594,18.237,112.0,97
1785,100,1744.4,96,4.58,21.071,112.0,97
1786,100,1645.9,98,4.566,23.904,112.0,97
1787,100,1614.8,99,4.552,23.455,112.0,97
1788,100,1583.6,100,4.538,23.006,112.0,97
1789,100,1552.5,100,4.524,22.556,112.0,97
1790,100,1503.8,99,4.51,24.731,112.0,97
1791,100,1455.1,97,4.496,26.906,112.0,97
1792,100,1636.6,95,4.482,25.08,111.7,97
1793,100,1818.1,95,4.468,23.254,111.3,97
1794,100,1999.6,97,4.454,21.429,111.0,97
1795,100,1727.9,97,4.44,25.348,111.0,97
1796,100,1456.2,98,4.426,29.268,111.0,97
1797,100,1578.5,98,4.412,30.424,110.5,97
1798,100,1700.8,98,4.398,31.579,110.0,97
1799,100,2083.2,97,4.384,30.495,110.5,97
1800,100,2465.7,96,4.37,29.412,111.0,97
1801,100,2201.1,96,4.3695,28.219,111.5,97
1802,100,1936.6,95,4.369,27.027,112.0,97
1803,100,1853.8,96,4.3685,26.279,112.5,97
1804,100,1770.9,97,4.368,25.532,113.0,97
1805,100,1726.5,99,4.3675,25.755,112.7,97
1806,100,1682,101,4.367,25.978,112.3,97
1807,100,1637.6,102,4.3665,26.201,112.0,98
1808,100,1632,102,4.366,26.201,112.0,98
1809,100,1626.5,100,4.3655,26.201,112.0,98
1810,100,1788.6,97,4.365,25.446,112.5,97
1811,100,1950.7,97,4.3645,24.691,113.0,97
1812,100,1984.5,98,4.364,24.037,113.3,97
1813,100,2018.4,98,4.3635,23.382,113.7,98
1814,100,2052.2,98,4.363,22.727,114.0,97
1815,100,1794.9,99,4.3625,23.709,115.0,97
1816,100,1537.5,99,4.362,24.691,116.0,97
1817,100,1648.8,99,4.3615,25.195,115.7,97
1818,100,1760,101,4.361,25.698,115.3,97
1819,100,1871.3,101,4.3605,26.201,115.0,97
1820,100,1980.3,101,4.36,26.799,115.0,97
1821,100,2089.3,99,4.3595,27.397,115.0,98
1822,100,2007.5,97,4.359,28.262,115.0,98
1823,100,1925.8,96,4.3585,29.126,115.0,98
1824,100,1901.7,94,4.358,28.077,115.5,98
1825,100,1877.6,94,4.3575,27.027,116.0,98
1826,100,2537.3,96,4.357,35.572,116.0,98
1827,100,3197,97,4.3565,44.118,116.0,98
1828,100,2708,96,4.356,37.059,115.5,98
1829,100,2219,95,4.3555,30,115.0,98
1830,100,1975.8,95,4.355,26.711,114.7,98
1831,100,1732.6,96,4.3545,23.423,114.3,98
1832,100,1489.4,96,4.354,20.134,114.0,98
1833,100,1801.5,96,4.3535,22.779,114.5,97
1834,100,2113.6,96,4.353,25.424,115.0,97
1835,100,2243,96,4.3525,25.532,115.0,97
1836,100,2372.4,97,4.352,25.641,115.0,97
1837,100,2247.3,97,4.3515,25.866,114.7,97
1838,100,2122.2,96,4.351,26.091,114.3,97
1839,100,1997.2,98,4.3505,26.316,114.0,97
1840,100,1991.5,99,4.35,27.792,114.0,97
1841,100,1985.8,99,4.3495,29.268,114.0,97
1842,100,1961.2,98,4.349,37.037,114.0,97
1843,100,1978.9,97,4.3485,32.473,114.0,97
1844,100,1996.6,97,4.348,27.91,114.0,97
1845,100,2014.3,98,4.3475,23.346,114.0,97
1846,100,1968.6,99,4.347,25.891,114.0,97
1847,100,1922.9,99,4.3465,28.436,114.0,97
1848,100,1925,98,4.346,29.925,113.5,97
1849,100,1927,100,4.3455,31.414,113.0,97
1850,100,1926.8,100,4.345,30.935,112.5,97
1851,100,1926.5,99,4.3445,30.457,112.0,97
1852,100,2098.7,99,4.344,30.154,112.0,97
1853,100,2271,98,4.3435,29.851,112.0,97
1854,100,753.93,97,4.343,75.483,112.3,97
1855,100,1569,97,4.3425,51.826,112.7,97
1856,100,2384.1,97,4.342,28.169,113.0,97
1857,100,2494,97,4.3415,25.579,113.0,97
1858,100,2603.9,98,4.341,22.989,113.0,97
1859,100,2496.8,99,4.3405,23.59,112.7,97
1860,100,2389.7,98,4.34,24.192,112.3,97
1861,100,2282.6,97,4.3282,24.793,112.0,97
1862,100,2189.4,97,4.3163,22.299,112.3,97
1863,100,2096.3,97,4.3045,19.804,112.5,97
1864,100,2003.1,97,4.2927,17.309,112.8,97
1865,100,1909.9,98,4.2808,14.815,113.0,97
1866,100,1516.6,97,4.269,22.186,113.0,97
1867,100,1123.3,97,4.2572,29.557,113.0,97
1868,100,1577.6,97,4.2453,28.929,113.0,97
1869,100,2032,97,4.2335,28.302,113.0,97
1870,100,1983.9,97,4.2217,27.425,113.0,97
1871,100,1935.9,97,4.2098,26.549,113.0,97
1872,100,2071.6,97,4.198,26.911,113.0,97
1873,100,2207.3,97,4.1862,27.273,113.0,97
1874,100,2000.6,97,4.1743,25.508,113.3,97
1875,100,1793.8,96,4.1625,23.743,113.7,97
1876,100,1587,96,4.1507,21.978,114.0,98
1877,100,1781.1,97,4.1388,24.625,114.5,98
1878,100,1975.2,97,4.127,27.273,115.0,98
1879,100,2265.7,98,4.1152,27.525,115.5,98
1880,100,2556.2,100,4.1033,27.778,116.0,98
1881,100,2444.3,101,4.0915,27.528,116.0,98
1882,100,2332.5,101,4.0797,27.277,116.0,98
1883,100,2220.6,101,4.0678,27.027,116.0,98
1884,100,2167.9,101,4.056,27.402,116.5,98
1885,100,2115.2,100,4.0442,27.778,117.0,98
1886,100,2604.7,99,4.0323,27.908,116.5,98
1887,100,3094.2,99,4.0205,28.037,116.0,98
1888,100,2550.7,99,4.0087,27.293,115.0,98
1889,100,2007.2,99,3.9968,26.549,114.0,98
1890,100,1894.3,99,3.985,25.964,114.3,98
1891,100,1781.3,100,3.9732,25.378,114.7,98
1892,100,1668.4,100,3.9613,24.793,115.0,98
1893,100,1848.4,99,3.9495,24.692,115.5,98
1894,100,2028.5,99,3.9377,24.59,116.0,98
1895,100,2045.1,99,3.9258,24.795,116.0,98
1896,100,2061.7,100,3.914,25,116.0,98
1897,100,2047.7,100,3.9022,25,116.0,98
1898,100,2033.7,99,3.8903,25,116.0,98
1899,100,2019.7,99,3.8785,25,116.0,98
1900,100,2083.4,99,3.8667,24.745,116.5,98
1901,100,2147.1,101,3.8548,24.49,117.0,98
1902,100,2074.5,102,3.843,25.461,117.0,98
1903,100,2001.8,101,3.8312,26.432,117.0,98
1904,100,1974.3,101,3.8193,26.355,117.0,98
1905,100,1946.9,101,3.8075,26.278,117.0,98
1906,100,1919.4,101,3.7957,26.201,117.0,98
1907,100,1939.2,102,3.7838,24.421,117.5,98
1908,100,1959,103,3.772,22.642,118.0,98
1909,100,1981.9,103,3.7602,23.678,118.0,98
1910,100,2004.7,103,3.7483,24.715,118.0,98
1911,100,2027.5,102,3.7365,25.751,118.0,98
1912,100,2325.9,101,3.7247,23.987,118.5,98
1913,100,2624.3,101,3.7128,22.222,119.0,98
1914,100,2356.6,101,3.701,23.664,119.0,98
1915,100,2088.9,101,3.6892,25.107,119.0,98
1916,100,1821.3,101,3.6773,26.549,119.0,98
1917,100,1909.6,101,3.6655,24.105,119.5,98
1918,100,1998,100,3.6537,21.661,120.0,98
1919,100,1932.8,100,3.6418,22.987,120.3,98
1920,100,1867.6,100,3.63,24.314,120.7,98
1921,100,1802.4,100,3.6203,25.641,121.0,98
1922,100,1838.5,100,3.6107,25.479,120.0,98
1923,100,1874.5,100,3.601,25.316,119.0,98
1924,100,1656.2,100,3.5913,23.798,118.7,98
1925,100,1437.8,99,3.5817,22.28,118.3,98
1926,100,1219.5,98,3.572,20.761,118.0,98
1927,100,1808.5,97,3.5623,23.312,119.0,98
1928,100,2397.5,97,3.5527,25.862,120.0,98
1929,100,2343.1,97,3.543,25.085,120.3,98
1930,100,2288.7,96,3.5333,24.307,120.7,98
1931,100,2234.3,96,3.5237,23.529,121.0,98
1932,100,2137.4,97,3.514,24.423,121.5,98
1933,100,2040.6,97,3.5043,25.316,122.0,97
1934,100,2071.1,97,3.4947,25.108,122.0,97
1935,100,2101.6,96,3.485,24.9,122.0,97
1936,100,2132,96,3.4753,24.691,122.0,97
1937,100,2051.3,96,3.4657,25.112,122.0,97
1938,100,1970.6,96,3.456,25.532,122.0,97
1939,100,2083.1,96,3.4463,25.866,122.0,97
1940,100,2195.6,95,3.4367,26.201,122.0,97
1941,100,2148.9,95,3.427,26.317,122.0,97
1942,100,2102.1,95,3.4173,26.433,122.0,97
1943,100,2055.3,95,3.4077,26.549,122.0,97
1944,100,1955.5,97,3.398,25.179,121.5,97
1945,100,1855.7,99,3.3883,23.81,121.0,97
1946,100,1818.1,100,3.3787,27.289,119.0,97
1947,100,1780.5,102,3.369,30.769,117.0,97
1948,100,1930.7,103,3.3593,28.777,117.0,97
1949,100,2080.9,102,3.3497,26.785,117.0,97
1950,100,2231,101,3.34,24.793,117.0,97
1951,100,2072.3,100,3.3303,25.109,117.0,97
1952,100,1913.6,100,3.3207,25.424,117.0,97
1953,100,2039.6,99,3.311,26.105,117.0,97
1954,100,2165.7,98,3.3013,26.786,117.0,98
1955,100,2120.3,98,3.2917,26.493,116.5,98
1956,100,2074.9,98,3.282,26.201,116.0,98
1957,100,2117.6,98,3.2723,26.163,115.7,98
1958,100,2160.3,97,3.2627,26.125,115.3,98
1959,100,2203,97,3.253,26.087,115.0,98
1960,100,2172.9,97,3.2433,27.749,116.0,98
1961,100,2142.8,98,3.2337,29.412,117.0,98
1962,100,2024.4,98,3.224,27.418,117.5,98
1963,100,1906,99,3.2143,25.424,118.0,98
1964,100,1876.9,99,3.2047,26.045,118.5,98
1965,100,1847.9,100,3.195,26.667,119.0,98
1966,100,1902.4,101,3.1853,25.81,119.0,98
1967,100,1956.9,102,3.1757,24.953,119.0,98
1968,100,2011.4,101,3.166,24.096,119.0,98
1969,100,1965.9,100,3.1563,24.243,118.5,98
1970,100,1920.4,101,3.1467,24.39,118.0,97
1971,100,2077,100,3.137,23.454,118.7,97
1972,100,2233.5,98,3.1273,22.519,119.3,97
1973,100,2390.1,98,3.1177,21.583,120.0,97
1974,100,2235.3,99,3.108,23.344,120.0,97
1975,100,2080.5,100,3.0983,25.105,120.0,97
1976,100,1986.2,100,3.0887,25.547,120.0,97
1977,100,1891.9,100,3.079,25.989,120.0,97
1978,100,1797.7,99,3.0693,26.432,120.0,97
1979,100,1956,99,3.0597,27.041,120.0,97
1980,100,2114.4,99,3.05,27.65,120.0,97
1981,100,2139.4,98,3.0488,25.544,120.0,97
1982,100,2164.4,98,3.0477,23.438,120.0,97
1983,100,2089.9,97,3.0465,24.359,120.3,97
1984,100,2015.5,97,3.0453,25.28,120.7,97
1985,100,1941,96,3.0442,26.201,121.0,97
1986,100,1818.7,95,3.043,25.759,120.5,97
1987,100,1696.4,95,3.0418,25.316,120.0,97
1988,100,1898.8,96,3.0407,23.288,119.3,97
1989,100,2101.3,96,3.0395,21.259,118.7,97
1990,100,2303.7,96,3.0383,19.231,118.0,96
1991,100,2115.2,96,3.0372,23.833,118.0,96
1992,100,1926.6,95,3.036,28.436,118.0,96
1993,100,1794.5,95,3.0348,27.691,118.0,97
1994,100,1662.4,94,3.0337,26.946,118.0,97
1995,100,1530.3,93,3.0325,26.201,118.0,97
1996,100,1894.2,94,3.0313,27.251,119.0,97
1997,100,2258.2,97,3.0302,28.302,120.0,97
1998,100,2120.9,98,3.029,27.425,120.0,97
1999,100,1983.7,97,3.0278,26.549,120.0,97
2000,100,1837.5,96,3.0267,26.04,120.0,97
2001,100,1691.3,95,3.0255,25.532,120.0,97
2002,100,1835.5,95,3.0243,25.679,120.0,97
2003,100,1979.8,94,3.0232,25.827,120.0,97
2004,100,2124.1,94,3.022,25.974,120.0,97
2005,100,2070.7,95,3.0208,24.66,120.0,97
2006,100,2017.2,96,3.0197,23.346,120.0,97
2007,100,2049.1,97,3.0185,24.414,120.0,97
2008,100,2080.9,99,3.0173,25.481,120.0,97
2009,100,2112.8,99,3.0162,26.549,120.0,97
2010,100,2206.1,98,3.015,26.49,120.0,97
2011,100,2299.4,97,3.0138,26.432,120.0,97
2012,100,2236.9,97,3.0127,24.92,119.7,97
2013,100,2174.4,97,3.0115,23.409,119.3,97
2014,100,2111.9,99,3.0103,21.898,119.0,98
2015,100,2047.3,101,3.0092,23.88,119.5,98
2016,100,1982.6,102,3.008,25.862,120.0,98
2017,100,2128.9,100,3.0068,26.031,120.0,98
2018,100,2275.2,99,3.0057,26.201,120.0,98
2019,100,2147.7,97,3.0045,26.434,119.5,98
2020,100,2020.1,96,3.0033,26.667,119.0,98
2021,100,1990.4,96,3.0022,25.778,118.7,99
2022,100,1960.6,96,3.001,24.889,118.3,98
2023,100,1930.9,96,2.9998,24,118.0,98
2024,100,1930.4,96,2.9987,24.766,118.0,98
2025,100,1929.8,95,2.9975,25.532,118.0,98
2026,100,1886.5,94,2.9963,25.793,119.0,98
2027,100,1843.1,94,2.9952,26.054,120.0,99
2028,100,1799.7,96,2.994,26.316,121.0,98
2029,100,1925.3,96,2.9928,26.794,121.0,98
2030,100,2050.8,97,2.9917,27.273,121.0,98
2031,112,2009.1,97,2.9905,25.636,121.0,98
2032,125,1967.3,95,2.9893,24,121.0,98
2033,125,2040.6,94,2.9882,24.811,121.3,98
2034,125,2113.9,95,2.987,25.621,121.7,98
2035,125,2187.2,97,2.9858,26.432,122.0,98
2036,125,2270.8,99,2.9847,24.073,123.0,98
2037,125,2354.4,98,2.9835,21.714,124.0,98
2038,125,2438,96,2.9823,19.355,125.0,98
2039,125,2081.7,94,2.9812,21.823,125.0,98
2040,125,1725.5,94,2.98,24.291,125.0,98
2041,125,1855.6,95,2.9753,25.42,124.0,98
2042,125,1985.7,96,2.9707,26.549,123.0,98
2043,125,1731.7,96,2.966,28.818,123.0,98
2044,125,1477.8,96,2.9613,31.088,123.0,98
2045,125,1462.8,96,2.9567,29.614,123.3,98
2046,125,1447.9,97,2.952,28.14,123.7,98
2047,125,1433,97,2.9473,26.667,124.0,98
2048,125,1632.4,97,2.9427,27.484,124.0,98
2049,125,1831.9,97,2.938,28.302,124.0,98
2050,125,2747.2,98,2.9333,32.432,124.0,98
2051,125,2450.3,98,2.9287,29.284,124.3,98
2052,125,2153.5,97,2.924,26.136,124.7,98
2053,125,1856.6,96,2.9193,22.989,125.0,98
2054,125,1912.4,96,2.9147,21.615,125.0,98
2055,125,1968.2,96,2.91,20.241,125.0,98
2056,125,2024,96,2.9053,18.868,125.0,98
2057,125,2149.8,96,2.9007,23.009,125.5,98
2058,125,2275.5,97,2.896,27.149,126.0,98
2059,125,2420.7,98,2.8913,25.48,126.0,98
2060,125,2565.8,98,2.8867,23.81,126.0,97
2061,125,2710.9,98,2.882,22.14,126.0,97
2062,125,2657.1,97,2.8773,21.98,126.3,97
2063,125,2603.2,97,2.8727,21.821,126.7,97
2064,125,2549.3,98,2.868,21.661,127.0,97
2065,125,2300.9,98,2.8633,25.393,127.0,97
2066,125,2052.5,98,2.8587,29.126,127.0,97
2067,125,2006,97,2.854,27.55,127.0,97
2068,125,1959.5,96,2.8493,25.974,127.0,97
2069,125,1989.5,95,2.8447,27.006,127.0,97
2070,125,2019.5,95,2.84,28.037,127.0,97
2071,125,2067.4,95,2.8353,27.095,127.0,97
2072,125,2115.4,96,2.8307,26.153,127.0,97
2073,125,2163.3,100,2.826,25.21,127.0,96
2074,125,2158.1,103,2.8213,24.278,127.0,96
2075,125,2152.9,103,2.8167,23.346,127.0,96
2076,125,2273.8,101,2.812,24.039,127.0,96
2077,125,2394.7,99,2.8073,24.731,127.0,96
2078,125,2515.6,97,2.8027,25.424,127.0,96
2079,125,2206.2,96,2.798,25.212,127.5,96
2080,125,1896.7,97,2.7933,25,128.0,97
2081,125,1923.4,98,2.7887,25.214,128.7,97
2082,125,1950.2,99,2.784,25.427,129.3,97
2083,125,1976.9,97,2.7793,25.641,130.0,97
2084,125,2048.1,96,2.7747,27.313,130.0,97
2085,125,2119.3,96,2.77,28.986,130.0,97
2086,125,2033.9,96,2.7653,31.746,129.0,97
2087,125,2104.8,95,2.7607,29.936,129.3,97
2088,125,2175.6,94,2.756,28.126,129.7,97
2089,125,2246.4,94,2.7513,26.316,130.0,97
2090,131,2327,95,2.7467,25.158,129.5,97
2091,143,2407.5,95,2.742,24,129.0,97
2092,150,2218.5,93,2.7373,24.85,128.7,97
2093,150,2029.5,93,2.7327,25.699,128.3,97
2094,150,1840.5,94,2.728,26.549,128.0,97
2095,150,1936.3,95,2.7233,25.323,128.0,97
2096,150,2032,95,2.7187,24.096,128.0,97
2097,150,2056,96,2.714,24.76,127.5,97
2098,150,2080,96,2.7093,25.424,127.0,97
2099,150,2128.9,96,2.7047,25.799,126.7,97
2100,150,2177.8,96,2.7,26.174,126.3,97
2101,150,2226.8,96,2.7013,26.549,126.0,97
2102,150,2252.5,96,2.7027,26.788,126.5,97
2103,150,2278.3,96,2.704,27.027,127.0,97
2104,150,2146.7,97,2.7053,26.906,127.0,97
2105,150,2015.1,97,2.7067,26.786,127.0,97
2106,150,2236.4,98,2.708,26.968,127.0,97
2107,150,2457.7,99,2.7093,27.149,127.0,97
2108,150,2332,99,2.7107,26.33,127.0,97
2109,150,2206.4,98,2.712,25.511,127.0,97
2110,150,2080.7,98,2.7133,24.691,127.0,97
2111,150,2294.7,98,2.7147,24.691,127.0,97
2112,150,2508.7,98,2.716,24.691,127.0,97
2113,150,2422,98,2.7173,26.044,127.0,97
2114,150,2335.3,99,2.7187,27.397,127.0,97
2115,150,2234.2,98,2.72,27.114,127.0,97
2116,150,2133.2,97,2.7213,26.832,127.0,97
2117,150,2032.2,97,2.7227,26.549,127.0,97
2118,150,2104.2,98,2.724,25.879,127.0,97
2119,150,2176.3,98,2.7253,25.21,127.0,97
2120,150,2155.6,97,2.7267,22.479,127.5,97
2121,150,2134.9,97,2.728,19.748,128.0,97
2122,150,2114.2,98,2.7293,17.017,128.5,97
2123,150,2093.5,99,2.7307,14.286,129.0,97
2124,150,1936.7,99,2.732,16.303,129.0,97
2125,150,1780,99,2.7333,18.321,129.0,97
2126,150,1623.2,99,2.7347,20.339,129.0,98
2127,150,1919.2,97,2.736,23.385,129.5,98
2128,150,2215.3,100,2.7373,26.432,130.0,98
2129,150,2447.3,106,2.7387,26.923,130.3,98
2130,150,2679.4,106,2.74,27.415,130.7,98
2131,150,2911.5,102,2.7413,27.907,131.0,98
2132,150,2764,98,2.7427,28.805,130.5,98
2133,150,2616.4,96,2.744,29.703,130.0,98
2134,150,2586.1,97,2.7453,29.344,130.0,98
2135,150,2555.8,98,2.7467,28.986,130.0,98
2136,150,2459.1,97,2.748,29.957,130.0,98
2137,150,2362.3,97,2.7493,30.928,130.0,98
2138,150,2349.1,97,2.7507,29.1,130.5,98
2139,150,2336,98,2.752,27.273,131.0,98
2140,150,2393.8,98,2.7533,28.562,131.5,98
2141,150,2451.6,97,2.7547,29.851,132.0,98
2142,150,2223.4,97,2.756,27.746,132.0,97
2143,150,1995.2,97,2.7573,25.641,132.0,97
2144,150,2248.6,96,2.7587,27.039,132.0,97
2145,150,2502,96,2.76,28.436,132.0,97
2146,150,2588.2,97,2.7613,27.793,132.0,97
2147,150,2674.5,97,2.7627,27.149,132.0,97
2148,150,2666.7,97,2.764,26.364,131.7,97
2149,150,2658.9,97,2.7653,25.579,131.3,97
2150,162,2651.1,97,2.7667,24.793,131.0,97
2151,175,2612,96,2.768,23.378,131.3,97
2152,175,2572.8,95,2.7693,21.963,131.7,97
2153,175,2533.7,95,2.7707,20.548,132.0,97
2154,175,2505.2,96,2.772,23.548,133.0,97
2155,175,2476.7,96,2.7733,26.549,134.0,97
2156,175,2445.6,96,2.7747,25.451,133.0,97
2157,175,2414.4,97,2.776,24.353,132.0,97
2158,175,2383.3,96,2.7773,23.256,131.0,97
2159,175,2327.9,95,2.7787,23.676,133.0,97
2160,175,2272.6,95,2.78,24.096,135.0,97
2161,175,2348.2,96,2.7878,25.623,134.0,97
2162,175,2423.7,96,2.7957,27.149,133.0,97
2163,175,2499.3,96,2.8035,26.468,134.0,97
2164,175,2574.9,96,2.8113,25.786,135.0,97
2165,175,2650.4,96,2.8192,25.105,136.0,96
2166,175,2573.9,96,2.827,25.483,136.0,96
2167,175,2497.3,95,2.8348,25.862,136.0,96
2168,175,2328.8,94,2.8427,23.799,136.7,96
2169,175,2160.2,94,2.8505,21.735,137.3,96
2170,175,1991.7,95,2.8583,19.672,138.0,96
2171,175,2355.1,97,2.8662,24.054,137.5,96
2172,175,2718.5,97,2.874,28.436,137.0,96
2173,175,2670.1,97,2.8818,27.376,138.0,96
2174,175,2621.6,97,2.8897,26.316,139.0,96
2175,175,2654,97,2.8975,26.978,139.0,96
2176,175,2686.4,97,2.9053,27.64,139.0,96
2177,175,2718.8,96,2.9132,28.302,139.0,96
2178,175,2625.3,96,2.921,27.544,138.5,96
2179,175,2531.8,97,2.9288,26.786,138.0,96
2180,175,2649.5,97,2.9367,27.611,138.0,96
2181,175,2767.1,97,2.9445,28.436,138.0,96
2182,175,2828.9,96,2.9523,28.924,138.0,96
2183,175,2890.7,96,2.9602,29.412,138.0,96
2184,175,2791.4,96,2.968,28.467,138.0,96
2185,175,2692.1,96,2.9758,27.523,138.0,96
2186,175,2533.1,96,2.9837,26.896,138.3,96
2187,175,2374.2,96,2.9915,26.268,138.7,96
2188,175,2215.2,96,2.9993,25.641,139.0,96
2189,175,2386.2,97,3.0072,26.839,139.0,96
2190,175,2557.3,96,3.015,28.037,139.0,96
2191,175,2456.4,96,3.0228,25.339,138.5,96
2192,175,2355.5,96,3.0307,22.642,138.0,96
2193,175,2370.5,95,3.0385,22.367,138.0,96
2194,175,2385.5,94,3.0463,22.093,138.0,96
2195,175,2400.6,94,3.0542,21.818,138.0,96
2196,175,2476.4,96,3.062,23.255,137.5,97
2197,175,2552.2,97,3.0698,24.691,137.0,97
2198,175,2576.7,97,3.0777,24.493,137.7,97
2199,175,2601.3,98,3.0855,24.295,138.3,97
2200,175,2625.8,98,3.0933,24.096,139.0,97
2201,175,2700.2,98,3.1012,23.555,138.7,96
2202,175,2774.6,98,3.109,23.013,138.3,96
2203,175,2848.9,98,3.1168,22.472,138.0,97
2204,175,2891.2,97,3.1247,23.948,138.0,97
2205,175,2933.4,98,3.1325,25.424,138.0,97
2206,175,3045.9,98,3.1403,26.105,139.0,97
2207,175,3158.3,98,3.1482,26.786,140.0,97
2208,175,2789.7,99,3.156,25.104,140.0,97
2209,181,2421,98,3.1638,23.421,140.0,97
2210,193,2052.4,98,3.1717,21.739,140.0,97
2211,200,2342,98,3.1795,23.97,140.5,97
2212,200,2631.6,98,3.1873,26.201,141.0,97
2213,200,2614.9,99,3.1952,25.435,141.0,97
2214,200,2598.2,99,3.203,24.67,141.0,97
2215,200,2581.5,99,3.2108,23.904,141.0,97
2216,200,2642.1,99,3.2187,22.809,141.0,97
2217,200,2702.7,99,3.2265,21.714,141.0,97
2218,200,2763.3,99,3.2343,20.619,141.0,97
2219,200,2603.8,99,3.2422,23.41,141.0,97
2220,200,2444.4,98,3.25,26.201,141.0,97
2221,200,2608.2,98,3.2603,26.862,141.0,97
2222,200,2772,97,3.2707,27.523,141.0,97
2223,200,2766.1,96,3.281,26.192,141.0,97
2224,200,2760.2,98,3.2913,24.861,141.0,97
2225,200,2754.3,99,3.3017,23.529,141.0,97
2226,200,2636.9,97,3.312,24.531,141.0,97
2227,200,2519.5,97,3.3223,25.532,141.0,97
2228,200,2541.1,98,3.3327,25.982,141.5,97
2229,200,2562.7,99,3.343,26.432,142.0,97
2230,200,2683.2,98,3.3533,26.88,142.0,97
2231,200,2803.7,96,3.3637,27.329,142.0,97
2232,200,2924.3,97,3.374,27.778,142.0,97
2233,200,2943.9,97,3.3843,27.908,142.0,97
2234,200,2963.6,98,3.3947,28.037,142.0,97
2235,200,2899.1,98,3.405,28.237,141.0,97
2236,200,2834.7,99,3.4153,28.436,140.0,97
2237,200,2668.3,98,3.4257,25.878,141.3,97
2238,200,2502,98,3.436,23.32,142.7,97
2239,200,2335.7,97,3.4463,20.761,144.0,97
2240,200,2533.6,96,3.4567,22.933,144.5,97
2241,200,2731.5,96,3.467,25.105,145.0,97
2242,200,2857.1,97,3.4773,26.441,145.0,97
2243,200,2982.7,97,3.4877,27.778,145.0,97
2244,200,3057.9,98,3.498,29.353,145.5,97
2245,200,3133.1,97,3.5083,30.928,146.0,97
2246,200,3003.6,97,3.5187,31.507,146.0,96
2247,200,2874,98,3.529,32.086,146.0,96
2248,200,2738.3,99,3.5393,29.376,146.0,96
2249,200,2602.6,99,3.5497,26.667,146.0,96
2250,200,2655.8,98,3.56,26.588,145.7,97
2251,200,2708.9,98,3.5703,26.51,145.3,97
2252,200,2762.1,98,3.5807,26.432,145.0,97
2253,200,2888.1,98,3.591,30.303,144.0,97
2254,200,2799.5,99,3.6013,29.376,144.0,96
2255,200,2710.8,99,3.6117,28.45,144.0,96
2256,200,2622.2,98,3.622,27.523,144.0,96
2257,200,2607.2,99,3.6323,27.398,144.5,96
2258,200,2592.2,101,3.6427,27.273,145.0,96
2259,200,2630.8,101,3.653,26.189,145.0,96
2260,200,2669.4,99,3.6633,25.105,145.0,96
2261,200,2731.3,98,3.6737,27.045,144.5,96
2262,200,2793.3,99,3.684,28.986,144.0,96
2263,200,2751.3,98,3.6943,28.446,144.0,96
2264,200,2709.4,99,3.7047,27.907,144.0,95
2265,200,2710.8,101,3.715,28.083,144.3,95
2266,200,2712.3,101,3.7253,28.26,144.7,95
2267,200,2713.8,100,3.7357,28.436,145.0,95
2268,200,2851.8,98,3.746,28.303,145.5,95
2269,212,2989.8,97,3.7563,28.169,146.0,95
2270,225,2697.4,96,3.7667,25.38,146.0,95
2271,225,2404.9,94,3.777,22.591,146.0,95
2272,225,2112.5,94,3.7873,19.802,146.0,95
2273,225,2264.4,95,3.7977,24.255,146.5,95
2274,225,2416.4,95,3.808,28.708,147.0,96
2275,225,2687.9,93,3.8183,27.12,147.0,96
2276,225,2959.5,94,3.8287,25.532,147.0,96
2277,225,2376.2,95,3.839,26.719,147.0,97
2278,225,1792.9,93,3.8493,27.907,147.0,97
2279,225,2085.5,92,3.8597,30.999,147.0,97
2280,225,2378.1,95,3.87,34.091,147.0,97
2281,225,2910.6,95,3.8825,33.262,148.0,97
2282,225,3443.1,95,3.895,32.432,149.0,97
2283,225,3541.9,95,3.9075,32.521,148.5,97
2284,225,3640.7,95,3.92,32.609,148.0,97
2285,225,3493.4,95,3.9325,30.658,148.5,97
2286,225,3346.2,96,3.945,28.708,149.0,97
2287,225,3200.9,96,3.9575,29.206,149.0,97
2288,225,3055.7,95,3.97,29.703,149.0,97
2289,225,2907.6,93,3.9825,30.724,148.5,97
2290,225,2759.5,94,3.995,31.746,148.0,97
2291,225,2788,97,4.0075,31.58,148.0,97
2292,225,2816.6,98,4.02,31.414,148.0,97
2293,225,2684.1,98,4.0325,31.664,148.0,97
2294,225,2551.6,99,4.045,31.915,148.0,97
2295,225,2810.4,99,4.0575,31.501,148.0,97
2296,225,3069.3,99,4.07,31.088,148.0,97
2297,225,3096.9,98,4.0825,29.967,148.5,98
2298,225,3124.4,97,4.095,28.846,149.0,98
2299,225,3171.7,97,4.1075,29.967,149.0,97
2300,225,3219,96,4.12,31.088,149.0,97
2301,225,3103.7,96,4.1325,29.18,148.5,97
2302,225,2988.4,96,4.145,27.273,148.0,97
2303,225,2875.6,96,4.1575,35.714,148.0,97
2304,225,2921.3,96,4.17,35.099,149.0,97
2305,225,2966.9,97,4.1825,34.483,150.0,97
2306,225,2980.8,98,4.195,33.284,150.0,97
2307,225,2994.6,97,4.2075,32.086,150.0,97
2308,225,2926.1,96,4.22,30.397,150.5,97
2309,225,2857.5,96,4.2325,28.708,151.0,97
2310,225,3033.8,96,4.245,30.061,150.5,97
2311,225,3210.1,96,4.2575,31.414,150.0,97
2312,225,3285.1,96,4.27,32.752,150.5,97
2313,225,3360.1,97,4.2825,34.091,151.0,97
2314,225,2779.3,97,4.295,28.239,151.0,97
2315,225,2198.5,96,4.3075,22.388,151.0,97
2316,225,2799.9,96,4.32,28.337,151.0,97
2317,225,3401.2,96,4.3325,34.286,151.0,97
2318,225,3506,97,4.345,34.484,151.0,97
2319,225,3610.7,97,4.3575,34.682,151.0,97
2320,225,3337.4,97,4.37,33.645,151.0,97
2321,225,3064.2,97,4.3825,32.609,151.0,97
2322,225,3077.6,97,4.395,32.971,151.5,97
2323,225,3091.1,97,4.4075,33.333,152.0,97
2324,225,3157.8,97,4.42,32.967,152.0,97
2325,225,3042.5,98,4.4325,34.235,152.0,97
2326,225,2927.2,100,4.445,35.503,152.0,97
2327,225,3183.1,101,4.4575,34.605,151.5,97
2328,231,3439.1,100,4.47,33.708,151.0,97
2329,243,3332.5,100,4.4825,33.07,151.0,97
2330,250,3225.9,99,4.495,32.432,151.0,97
2331,250,3246.9,99,4.5075,27.58,151.0,97
2332,250,3267.9,98,4.52,22.727,151.0,97
2333,250,2978.8,97,4.5325,26.142,151.5,97
2334,250,2689.7,97,4.545,29.557,152.0,97
2335,250,2893.7,99,4.5575,30.007,152.0,97
2336,250,3097.7,100,4.57,30.457,152.0,97
2337,250,2827.2,101,4.5825,29.863,152.0,97
2338,250,2556.7,100,4.595,29.268,152.0,97
2339,250,2754.2,100,4.6075,28.858,152.3,97
2340,250,2951.7,99,4.62,28.448,152.7,97
2341,250,3149.2,100,4.648,28.037,153.0,97
2342,250,3149.8,101,4.676,27.119,153.0,97
2343,250,3150.3,101,4.704,26.201,153.0,97
2344,250,3148.1,102,4.732,27.952,153.0,97
2345,250,3145.8,102,4.76,29.703,153.0,97
2346,250,3096.8,101,4.788,30.08,152.5,97
2347,250,3047.7,101,4.816,30.457,152.0,97
2348,250,3306.4,102,4.844,31.018,152.5,97
2349,250,3565.1,102,4.872,31.579,153.0,97
2350,250,3517.6,101,4.9,32.456,154.5,97
2351,250,3470.1,101,4.928,33.333,156.0,97
2352,250,3397.5,101,4.956,30.457,155.0,97
2353,250,3369.2,101,4.984,30.38,155.5,97
2354,250,3340.9,102,5.012,30.303,156.0,97
2355,250,3152.5,102,5.04,28.267,156.0,97
2356,250,2964.2,102,5.068,26.23,156.0,97
2357,250,2775.8,103,5.096,24.194,156.0,97
2358,250,3152.1,103,5.124,30.061,156.0,97
2359,250,3528.4,102,5.152,35.928,156.0,97
2360,250,3765.7,101,5.18,32.967,157.0,97
2361,250,3595.8,102,5.208,31.559,158.0,97
2362,250,3425.9,104,5.236,30.151,159.0,97
2363,250,3547.2,105,5.264,32.317,159.5,97
2364,250,3668.5,103,5.292,34.483,160.0,97
2365,250,3468.3,103,5.32,33.635,160.5,97
2366,250,3268,104,5.348,32.787,161.0,97
2367,250,3460.8,104,5.376,33.536,161.0,97
2368,250,3653.6,103,5.404,34.286,161.0,97
2369,250,3501.1,102,5.432,30.476,160.5,97
2370,250,3348.5,102,5.46,26.667,160.0,97
2371,250,3358,101,5.488,26.377,160.0,97
2372,250,3367.6,101,5.516,26.087,160.0,97
2373,250,3612.5,102,5.544,25.296,160.3,97
2374,250,3857.4,102,5.572,24.506,160.7,97
2375,250,4102.3,101,5.6,23.715,161.0,97
2376,250,3480.4,102,5.628,25.016,161.0,97
2377,250,2858.5,102,5.656,26.316,161.0,97
2378,250,3135,103,5.684,26.374,161.5,97
2379,250,3411.5,105,5.712,26.432,162.0,97
2380,250,3626.4,105,5.74,26.923,161.3,97
2381,250,3841.3,104,5.768,27.415,160.7,97
2382,250,4056.2,104,5.796,27.907,160.0,97
2383,250,3307.2,103,5.824,32.609,161.0,98
2384,250,3503.7,102,5.852,32.011,161.0,98
2385,250,3700.3,102,5.88,31.414,161.0,98
2386,250,3840.6,103,5.908,32.85,161.5,98
2387,250,3981,103,5.936,34.286,162.0,97
2388,262,3886.1,103,5.964,34.092,161.5,97
2389,275,3791.3,102,5.992,33.898,161.0,97
2390,275,3710.8,102,6.02,33.803,161.5,98
2391,275,3630.4,101,6.048,33.708,162.0,98
2392,275,3643.9,101,6.076,31.417,162.0,98
2393,275,3657.3,101,6.104,29.126,162.0,98
2394,275,3217.4,101,6.132,25.716,160.0,98
2395,275,2777.4,100,6.16,22.305,158.0,98
2396,275,3623.3,101,6.188,27.546,158.5,98
2397,275,4469.2,102,6.216,32.787,159.0,98
2398,275,4262.2,102,6.244,31.937,161.5,98
2399,275,4055.1,102,6.272,31.088,164.0,98
2400,275,3527.5,103,6.3,30.929,163.5,98
2401,275,2999.8,102,6.3233,30.769,163.0,98
2402,275,3339,102,6.3467,31.689,163.5,98
2403,275,3678.2,102,6.37,32.609,164.0,98
2404,275,3714.2,102,6.3933,33.447,164.0,98
2405,275,3750.2,102,6.4167,34.286,164.0,98
2406,275,3536.5,102,6.44,33.016,163.5,98
2407,275,3322.8,102,6.4633,31.746,163.0,98
2408,275,3590,101,6.4867,31.088,163.0,98
2409,275,3372.7,101,6.51,30.929,163.5,98
2410,275,3155.5,101,6.5333,30.769,164.0,98
2411,275,3066.2,101,6.5567,29.441,164.3,98
2412,275,2976.8,100,6.58,28.114,164.7,98
2413,275,2887.4,101,6.6033,26.786,165.0,98
2414,275,3565.9,101,6.6267,32.967,164.0,98
2415,275,3501.2,100,6.65,33.243,164.0,98
2416,275,3436.6,99,6.6733,33.52,164.0,98
2417,275,3573.8,100,6.6967,34.304,163.5,98
2418,275,3711.1,103,6.72,35.088,163.0,98
2419,275,3650.1,105,6.7433,36.412,163.5,98
2420,275,3589.1,105,6.7667,37.736,164.0,98
2421,275,3432.2,103,6.79,30.928,164.0,98
2422,275,3379.1,100,6.8133,32.131,163.5,98
2423,275,3326,99,6.8367,33.333,163.0,98
2424,275,3410,100,6.86,33.333,163.0,98
2425,275,3494,102,6.8833,33.333,163.0,98
2426,275,3464.7,102,6.9067,33.06,162.5,98
2427,275,3435.4,103,6.93,32.787,162.0,98
2428,275,3668,103,6.9533,32.522,162.5,98
2429,275,3900.6,103,6.9767,32.258,163.0,97
2430,275,3215.7,103,7,27.894,164.0,97
2431,275,2530.8,104,7.0233,23.529,165.0,97
2432,275,3011.5,105,7.0467,29.837,165.0,97
2433,275,3492.3,105,7.07,36.145,165.0,97
2434,275,3641.7,105,7.0933,36.145,166.5,97
2435,275,3791.2,105,7.1167,36.145,168.0,97
2436,275,3663.8,104,7.14,34.682,166.0,97
2437,275,3625.5,104,7.1633,34.988,165.5,98
2438,275,3587.3,105,7.1867,35.294,165.0,98
2439,275,3647.3,106,7.21,34.79,164.5,98
2440,275,3707.3,106,7.2333,34.286,164.0,98
2441,275,3647.8,106,7.2567,33.997,164.0,98
2442,275,3588.4,104,7.28,33.708,164.0,98
2443,275,3716.2,103,7.3033,32.967,164.0,98
2444,275,3792.4,102,7.3267,34.776,164.5,99
2445,275,3868.7,102,7.35,36.585,165.0,99
2446,275,3670.9,104,7.3733,36.698,165.0,98
2447,275,3473.2,105,7.3967,36.81,165.0,98
2448,287,3509.2,104,7.42,38.217,167.0,98
2449,300,3541,103,7.4433,37.513,167.0,98
2450,300,3572.7,102,7.4667,36.81,167.0,98
2451,300,3527.9,101,7.49,35.548,166.5,98
2452,300,3483,101,7.5133,34.286,166.0,98
2453,300,3506.9,101,7.5367,32.932,166.5,98
2454,300,3530.8,100,7.56,31.579,167.0,98
2455,300,3543.8,99,7.5833,37.267,166.0,98
2456,300,3441.3,99,7.6067,35.117,166.5,98
2457,300,3338.8,98,7.63,32.967,167.0,98
2458,300,3332.1,97,7.6533,28.629,167.5,98
2459,300,3325.4,96,7.6767,24.291,168.0,98
2460,300,3635.4,95,7.7,34.368,168.0,98
2461,300,3945.5,96,7.7265,44.444,168.0,98
2462,300,3624.7,97,7.753,40.816,169.0,98
2463,300,3346.6,98,7.7795,35.579,168.7,99
2464,300,3068.5,100,7.806,30.342,168.3,99
2465,300,2790.5,100,7.8325,25.105,168.0,99
2466,300,3877.8,99,7.859,37.267,167.0,99
2467,300,3779.6,98,7.8855,38.634,167.0,99
2468,300,3681.3,99,7.912,40,167.0,99
2469,300,3890,100,7.9385,40.816,169.0,99
2470,300,3939.6,99,7.965,40.408,168.5,99
2471,300,3989.1,98,7.9915,40,168.0,99
2472,300,3734.4,98,8.018,42.553,169.0,99
2473,300,3800.2,98,8.0445,43.174,169.0,99
2474,300,3866,98,8.071,43.796,169.0,99
2475,300,4153.7,98,8.0975,46.875,170.0,99
2476,300,3654.7,98,8.124,39.735,170.0,99
2477,300,3667.1,97,8.1505,39.475,170.5,99
2478,300,3679.4,96,8.177,39.216,171.0,99
2479,300,3530.7,96,8.2035,37.736,172.0,99
2480,300,3534,96,8.23,37.736,171.5,99
2481,300,3537.2,96,8.2565,37.736,171.0,99
2482,300,3507.1,98,8.283,37.855,171.0,99
2483,300,3476.9,98,8.3095,37.975,171.0,99
2484,300,3605.3,97,8.336,40.268,170.0,99
2485,300,3724.2,97,8.3625,39.122,168.5,99
2486,300,3843.2,98,8.389,37.975,167.0,99
2487,300,3738.9,99,8.4155,42.857,167.0,99
2488,300,3639.4,99,8.442,41.296,167.5,99
2489,300,3539.9,100,8.4685,39.735,168.0,99
2490,300,3271.8,101,8.495,33.149,171.0,99
2491,300,3523.5,102,8.5215,34.326,171.0,99
2492,300,3775.1,103,8.548,35.503,171.0,99
2493,300,3834.9,104,8.5745,35.399,171.0,99
2494,300,3894.7,103,8.601,35.294,171.0,99
2495,300,3341.3,103,8.6275,29.942,170.5,99
2496,300,2787.9,102,8.654,24.59,170.0,99
2497,300,3407.7,101,8.6805,33.422,170.5,99
2498,300,4027.5,100,8.707,42.254,171.0,99
2499,300,4249,100,8.7335,39.735,171.0,99
2500,300,3933,101,8.76,39.222,171.0,99
2501,300,3617,101,8.7865,38.71,171.0,99
2502,300,3685.5,100,8.813,37.975,171.0,99
2503,300,3567.9,100,8.8395,37.28,170.0,99
2504,300,3450.3,100,8.866,36.585,169.0,99
2505,300,3549,100,8.8925,36.044,169.5,98
2506,300,3647.7,101,8.919,35.503,170.0,98
2507,312,3966.5,101,8.9455,40.541,170.0,98
2508,325,3929,101,8.972,43.478,170.0,98
2509,325,3975.5,100,8.9985,41.873,170.0,98
2510,325,4022,99,9.025,40.268,170.0,98
2511,325,3836.8,100,9.0515,38.768,169.5,98
2512,325,3651.6,99,9.078,37.267,169.0,98
2513,325,3577.8,97,9.1045,37.975,171.0,98
2514,325,3668,97,9.131,39.966,171.0,98
2515,325,3758.2,98,9.1575,41.958,171.0,98
2516,325,3910.3,95,9.184,44.444,171.0,98
2517,325,3601.2,95,9.2105,39.474,172.0,98
2518,325,3675,95,9.237,36.782,172.5,98
2519,325,3748.8,94,9.2635,34.091,173.0,98
2520,325,3837.3,95,9.29,37.18,173.0,98
2521,325,3925.8,97,9.2903,40.268,173.0,98
2522,325,4107.5,97,9.2907,42.857,171.0,98
2523,325,3613.2,96,9.291,42.857,172.0,98
2524,325,3287.5,97,9.2913,37.382,172.0,98
2525,325,2961.8,96,9.2917,31.907,172.0,98
2526,325,2636.1,95,9.292,26.432,172.0,98
2527,325,4182.2,95,9.2923,45.802,172.0,98
2528,325,3939.9,96,9.2927,44.776,173.0,98
2529,325,3780.2,96,9.293,40.46,173.5,98
2530,325,3620.4,95,9.2933,36.145,174.0,98
2531,325,3703.9,94,9.2937,36.477,173.5,98
2532,325,3787.4,95,9.294,36.81,173.0,98
2533,325,3656.3,96,9.2943,40.816,173.0,98
2534,325,3800,97,9.2947,43.135,172.0,98
2535,325,3943.7,97,9.295,45.455,171.0,98
2536,325,3810.6,97,9.2953,42.254,168.0,98
2537,325,3845.4,97,9.2957,45.455,172.0,98
2538,325,3754,96,9.296,42.998,172.5,98
2539,325,3662.5,95,9.2963,40.541,173.0,98
2540,325,3520.4,95,9.2967,37.975,171.0,98
2541,325,3744.1,94,9.297,41.046,171.0,98
2542,325,3967.7,95,9.2973,44.118,171.0,98
2543,325,4027.5,96,9.2977,42.254,171.0,98
2544,325,3829.4,96,9.298,45.455,172.0,98
2545,325,3881.4,96,9.2983,44.949,172.5,98
2546,325,3933.4,96,9.2987,44.444,173.0,98
2547,325,3242.4,97,9.299,34.619,172.5,98
2548,325,2551.4,96,9.2993,24.793,172.0,98
2549,325,4772.1,96,9.2997,50,172.0,98
2550,325,4535,97,9.3,47.222,172.5,98
2551,325,4297.8,96,9.3003,44.444,173.0,98
2552,325,4118.2,94,9.3007,41.958,173.0,98
2553,325,4337.2,96,9.301,44.776,174.0,98
2554,325,4241.6,98,9.3013,41.496,173.5,98
2555,325,4146,95,9.3017,38.217,173.0,98
2556,325,3540,94,9.302,44.444,173.0,98
2557,325,3743.7,94,9.3023,43.805,174.0,98
2558,325,3947.3,94,9.3027,43.165,175.0,98
2559,325,3831.7,93,9.303,44.776,177.0,98
2560,325,3983.3,93,9.3033,48,177.0,98
2561,325,3869.1,93,9.3037,46.388,175.5,98
2562,325,3754.9,95,9.304,44.776,174.0,98
2563,325,4005.5,95,9.3043,47.244,171.0,98
2564,325,3753.5,93,9.3047,42.857,174.0,98
2565,325,3793.8,92,9.305,45.429,174.0,98
2566,325,3834.1,91,9.3053,48,174.0,98
2567,327,3861.1,90,9.3057,45.455,175.0,98
2569,329,2613.8,90,9.3063,24.691,175.0,98
2570,342,3701,91,9.3067,36.155,175.0,98
2571,347,4788.3,94,9.307,47.619,175.0,98
2572,350,4282.4,95,9.3073,46.154,174.0,98
